total_events,evt_epoll_wait,evt_switch,evt_select,evt_wait4,evt_times,evt_accept,evt_futex,evt_getsockname,evt_fcntl,evt_read,evt_stat,evt_openat,evt_mmap,evt_munmap,evt_madvise,evt_writev,evt_write,evt_close,evt_epoll_ctl,evt_clone,evt_set_robust_list,evt_mprotect,evt_sigaltstack,evt_rt_sigprocmask,evt_gettid,evt_nanosleep,evt_getpid,evt_tgkill,evt_epoll_pwait,evt_signaldeliver,evt_procexit,evt_execve,evt_brk,evt_access,evt_fstat,evt_arch_prctl,evt_getuid,evt_getgid,evt_geteuid,evt_getegid,evt_sysinfo,evt_rt_sigaction,evt_uname,evt_getcwd,evt_getppid,evt_socket,evt_connect,evt_lseek,evt_getpgrp,evt_prlimit,evt_getpeername,evt_pipe,evt_dup,evt_set_tid_address,evt_statfs,evt_exit_group,evt_rt_sigreturn,evt_fadvise64,evt_umask,evt_fchmodat,evt_ioctl,evt_newfstatat,evt_unlinkat,evt_shutdown,evt_sched_yield,evt_lstat,evt_lgetxattr,evt_getxattr,evt_getdents64,evt_poll,evt_pselect6,evt_mkdir,evt_readlink,evt_rename,evt_chmod,evt_unlink,evt_symlink,evt_getrandom,evt_sendmmsg,evt_recvfrom,evt_exit,evt_setsockopt,evt_getsockopt,evt_sendto,evt_link,evt_chdir,evt_setitimer,evt_sched_getaffinity,evt_readlinkat,evt_epoll_create1,evt_capget,evt_getpgid,evt_rt_sigsuspend,evt_kill,evt_alarm,evt_setgid,evt_chown,evt_getgroups,evt_setgroups,evt_setresgid,evt_setresuid,evt_prctl,evt_getresuid,evt_getresgid,evt_clock_gettime,evt_bind,evt_recvmsg,evt_lchown,evt_faccessat,evt_utimensat,evt_fstatfs,evt_fchdir,evt_flistxattr,evt_fgetxattr,evt_fsetxattr,evt_mremap,evt_setpgid,evt_timer_create,evt_timer_settime,evt_setuid,evt_mknod,evt_mount,evt_umount,evt_finit_module,label
13456,11440,516,136,60,340,60,3838,66,1042,12496,358,866,874,290,226,494,1288,1792,720,87,30,416,166,152,30,326,98,0,4,38,39,24,220,486,1616,332,18,56,6,84,8,4440,10,10,20,16,30,12,8,182,8,20,22,8,340,25,197,2,2,6,82,114,74,40,0,42,116,0,276,62,526,0,0,0,0,0,0,10,0,0,0,8,20,26,14,4,0,0,0,0,0,0,0,0,0,0,0,0,20,0,0,0,0,0,0,8,0,0,6,0,0,0,12,6,0,0,0,0,4,0,0,0,0,0,1
19736,4970,1495,60,750,384,104,3026,88,128,626,476,776,856,372,230,286,410,826,656,117,28,640,200,2510,28,0,24,0,128,41,42,40,156,120,7850,24,114,4,24,84,6,20,12,2,8,220,72,18,8,182,2,2,20,10,24,245,196,6,0,0,82,2,74,44,2,70,0,0,650,0,468,2,22,0,0,144,0,0,2,46,0,0,0,0,0,0,0,0,0,4,0,0,0,0,18,0,0,0,0,20,0,0,0,0,8,4,0,12,6,0,0,0,0,6,0,0,0,0,0,0,0,0,0,0,1
19210,3236,934,58,134,334,90,1684,52,176,1938,382,846,1748,362,226,336,552,644,1080,135,32,3752,134,248,24,0,44,2,8,52,26,46,1432,70,1616,50,108,76,12,116,0,1828,10,0,0,40,8,922,0,20,6,8,656,10,332,13,0,4,2,0,44,114,2,52,54,6,0,0,8,0,0,4,22,0,0,22,0,0,8,0,0,0,0,0,0,2,0,4,0,0,6,16,0,0,18,16,0,0,0,20,10,0,0,0,4,0,14,0,0,24,26,0,0,6,12,32,0,0,0,0,0,0,0,0,1
1,4382,734,58,60,834,124,1490,64,68,724,596,208,532,270,130,180,96,454,802,0,10,0,20,60,6,0,0,0,10,0,0,0,0,0,0,0,0,10,0,0,0,0,0,0,0,4,4,0,2,2,0,0,0,0,0,0,2,0,0,0,0,0,0,76,0,14,0,0,0,0,0,0,0,0,0,0,0,0,0,0,0,0,0,0,0,0,0,0,0,0,0,0,0,0,0,0,0,0,0,0,0,0,0,0,0,0,0,0,0,0,0,0,0,0,0,0,0,0,0,0,0,0,0,0,0
15217,53276,491,60,66,488,276,1248,134,152,640,586,452,470,194,84,180,298,470,1018,0,0,0,12,0,10,192,0,0,10,3,8,5,0,0,0,6,0,18,0,0,0,48,2,0,0,12,12,2,2,4,0,0,0,0,0,3,2,4,0,0,0,0,0,38,0,14,0,0,0,0,0,0,0,0,0,0,0,0,0,0,0,0,0,0,0,0,0,0,0,0,0,0,0,0,0,0,0,0,0,0,0,0,0,0,0,0,0,0,0,0,0,0,0,0,0,0,0,0,0,0,0,0,0,0,0
13204,20646,445,58,66,316,132,1448,38,104,648,744,212,352,512,160,290,276,982,654,8,0,0,0,52,0,0,8,0,4,2,6,5,0,14,0,0,0,10,18,0,2,0,0,0,2,0,0,0,2,2,2,0,0,0,0,3,2,4,0,0,0,0,0,82,0,0,0,10,4,0,0,0,0,0,0,0,0,0,0,0,0,0,0,0,0,0,0,0,0,0,0,0,0,0,0,0,0,0,0,0,0,0,0,0,0,0,0,0,0,0,0,0,0,0,0,0,0,0,0,0,0,0,0,0,0
12057,1112,658,58,58,340,98,862,54,164,1854,246,466,416,198,224,750,378,436,928,0,10,0,0,0,0,0,0,2,0,0,7,5,0,24,116,6,10,0,0,18,2,0,0,0,0,12,0,0,2,0,0,0,0,0,0,0,0,2,0,0,0,0,0,68,0,0,0,20,0,2,0,0,0,0,0,0,0,0,0,0,0,0,0,0,0,0,0,0,0,0,0,0,0,0,0,0,0,0,0,0,0,0,0,0,0,0,0,0,0,0,0,0,0,0,0,0,0,0,0,0,0,0,0,0,0
16342,1500,1419,60,58,346,114,1138,52,1042,1662,366,2322,1552,464,124,544,840,1048,658,51,118,3748,188,112,20,206,80,2,24,30,28,665,2818,88,1616,18,48,84,12,4,6,1084,4,0,16,8,24,10,0,14,16,0,16,6,0,8,0,6,6,6,2,2,2,40,0,46,0,58,0,58,0,12,0,0,0,0,2,4,0,94,2,8,0,26,14,12,0,4,0,0,4,0,0,0,0,0,8,2,0,0,0,0,12,0,4,4,0,0,106,0,0,0,0,0,12,16,10,0,0,0,0,0,0,0,1
27607,2792,504,58,66,332,86,1138,42,104,998,314,192,444,878,198,236,668,500,886,0,10,0,0,0,8,0,0,0,14,7,3,0,0,0,0,0,0,0,0,0,0,0,0,2,2,0,0,0,2,0,2,0,0,0,0,3,0,2,0,0,0,0,0,80,0,0,24,10,0,0,0,0,0,0,0,0,0,0,0,0,0,0,0,0,0,0,0,0,0,0,0,0,0,0,0,0,0,0,0,0,0,0,0,0,0,0,0,0,0,0,0,0,0,0,0,0,0,0,0,0,0,0,0,0,0
9436,4642,450,58,60,352,90,1208,56,244,866,710,346,444,640,122,396,324,1004,2070,0,0,54,0,0,0,172,8,0,0,0,0,5,0,14,0,6,0,0,0,0,2,48,0,0,2,0,4,0,0,4,0,0,0,2,0,5,2,0,0,0,0,0,0,42,0,0,0,0,0,0,0,0,0,0,0,0,0,0,0,0,0,0,0,0,0,0,0,0,0,0,0,0,0,0,0,0,0,0,0,0,0,0,0,0,0,0,0,0,0,0,0,0,0,0,0,0,0,0,0,0,0,0,0,0,0
26295,3534,683,58,66,244,90,686,102,84,676,348,274,384,670,126,294,250,454,1052,0,10,96,0,0,0,0,0,0,10,7,0,0,42,0,0,6,10,10,18,10,2,56,0,0,2,4,0,2,0,0,0,0,0,0,0,0,2,2,0,0,4,0,0,0,0,0,0,0,0,0,0,0,0,0,0,0,0,0,0,0,0,0,0,0,0,0,0,0,0,0,0,0,0,0,0,0,0,0,0,0,0,0,0,0,0,0,0,0,0,0,0,0,0,0,0,0,0,0,0,0,0,0,0,0,0
21835,3832,967,58,66,352,80,690,56,56,742,920,404,580,192,160,334,368,226,690,13,10,0,20,58,0,0,8,2,4,7,0,5,42,0,0,6,0,10,18,0,2,48,2,0,2,0,0,2,2,0,0,0,0,2,0,0,2,0,0,0,4,0,0,58,0,14,0,0,0,0,0,0,0,0,0,0,0,0,0,0,0,0,0,0,0,0,0,0,0,0,0,0,0,0,0,0,0,0,0,0,0,0,0,0,0,0,0,0,0,0,0,0,0,0,0,0,0,0,0,0,0,0,0,0,0
27470,8685,1417,168,106,344,74,2842,52,1044,1096,504,2292,1608,856,130,276,388,13946,1228,145,68,7154,158,280,100,440,24,0,6,58,37,20,134,84,492,20,114,92,116,84,0,262,18,10,6,36,42,10,6,14,8,8,662,164,28,6,5,4,0,12,140,114,0,52,4,610,0,10,12,0,0,12,0,0,0,0,0,4,0,0,0,0,2,0,0,2,8,6,0,0,0,0,0,2,18,0,16,0,10,0,0,0,0,0,0,0,0,0,0,0,0,0,0,0,6,0,2,0,4,0,0,0,0,0,1
17419,4200,674,60,66,352,64,1166,92,84,1444,92,208,490,0,232,214,626,434,666,0,0,58,0,54,0,0,0,0,14,0,0,10,42,0,140,0,0,0,10,10,2,0,0,0,2,12,16,8,2,0,2,0,0,2,0,3,4,0,0,0,4,0,0,110,0,0,0,0,0,0,0,0,0,0,0,0,0,0,0,0,0,0,0,0,0,0,0,0,0,0,0,0,0,0,0,0,0,0,0,0,0,0,0,0,0,0,0,0,0,0,0,0,0,0,0,0,0,0,0,0,0,0,0,0,0
153199,1064,1741,60,98,320,54,3058,42,136,1518,532,908,1210,384,226,300,360,1442,682,782,84,286,52,148,76,6,2,0,16,57,31,28,72,162,178,32,114,56,82,98,8,1588,10,6,20,152,0,56,4,20,6,6,54,6,168,19,11,6,0,0,116,74,22,42,0,610,0,10,1160,0,0,0,120,28,0,0,0,0,2,126,0,0,0,0,0,2,0,6,0,0,8,0,8,26,0,0,0,0,0,0,0,0,12,0,0,0,0,0,212,12,0,0,0,0,0,0,2,0,0,0,0,0,0,0,1
2198,4492,424,58,56,658,162,1722,52,112,666,348,204,444,460,122,300,184,426,1362,0,0,58,0,0,4,230,0,2,10,2,0,0,0,14,164,0,10,10,0,0,0,0,2,2,0,0,0,0,2,0,2,0,0,0,4,3,2,4,0,0,4,0,0,14,0,22,0,0,0,0,0,0,0,0,0,0,0,0,0,0,0,0,0,0,0,0,0,0,0,0,0,0,0,0,0,0,0,0,0,0,0,0,0,0,0,0,0,0,0,0,0,0,0,0,0,0,0,0,0,0,0,0,0,0,0
10267,11286,1127,60,70,322,70,3372,56,156,1254,560,10392,19982,374,120,220,908,7838,576,144,122,218,148,2378,102,878,24,0,4,47,61,665,154,74,1064,44,80,48,24,18,0,164,6,6,20,0,42,18,4,20,6,20,22,316,4,245,10,12,66,2,2,38,74,52,14,116,0,2,0,0,0,0,120,0,0,0,0,10,4,0,0,0,6,38,0,2,16,4,4,0,0,0,0,0,0,0,0,0,0,0,0,0,0,0,0,0,0,0,150,12,0,0,0,0,0,16,6,0,0,0,0,0,0,0,1
87974,3790,828,58,763,340,118,2594,60,112,18520,656,1024,1824,350,120,316,352,782,1162,130,314,214,154,2488,98,436,42,0,36,57,498,40,200,82,862,660,6,54,80,18,16,262,4,8,6,38,50,52,4,182,4,20,16,14,8,15,10,60,6,2,2,38,0,42,6,28,0,10,650,99,0,4,22,0,38,0,0,6,0,110,0,14,0,56,0,4,0,4,6,0,0,0,0,36,0,28,0,0,0,0,0,6,6,0,0,2,8,0,300,0,0,0,0,0,0,0,4,4,0,0,0,2,2,0,1
9168,6640,744,60,60,164,70,1180,50,84,706,302,404,768,290,40,774,186,272,1056,0,2,0,0,58,10,0,0,0,0,0,0,5,0,14,0,6,0,0,10,0,2,56,2,0,2,4,0,0,2,0,2,0,0,2,0,0,2,0,0,0,0,0,0,104,0,60,0,0,0,0,0,0,0,0,0,0,0,0,0,0,0,0,0,0,0,0,0,0,0,0,0,0,0,0,0,0,0,0,0,0,0,0,0,0,0,0,0,0,0,0,0,0,0,0,0,0,0,0,0,0,0,0,0,0,0
5365,17758,960,60,58,330,106,1468,52,84,848,386,680,190,270,120,296,308,456,1080,13,0,36,0,50,0,0,0,0,12,7,0,5,0,0,0,0,10,0,0,18,0,0,0,0,0,12,0,2,2,0,2,0,0,0,0,0,0,4,0,0,0,0,0,42,0,14,0,10,0,4,0,0,0,0,0,0,0,0,0,0,0,4,0,0,0,0,0,0,0,0,0,0,0,0,0,0,0,0,0,0,0,0,0,0,0,0,0,0,0,0,0,0,0,0,0,0,0,0,0,0,0,0,0,0,0
12992,4370,1622,58,106,374,140,3088,66,124,1478,560,692,1538,344,120,294,23204,1840,748,774,126,218,152,280,26,338,80,0,42,69,274,25,282,70,332,12,108,4,6,92,16,1588,8,4,8,50,30,922,0,10,8,2,0,14,20,245,21,16,0,0,6,2,2,66,4,24,0,10,4,144,590,0,22,0,38,22,0,0,0,0,0,0,0,0,14,12,8,8,0,0,0,0,0,0,0,0,12,2,0,10,0,2,0,0,4,0,8,0,0,0,0,0,0,12,0,0,6,4,0,0,0,0,0,0,1
31179,6516,587,58,106,360,116,3584,48,1924,2578,450,1240,1186,752,124,316,828,1856,1096,742,44,738,152,240,102,288,46,2,4,49,276,35,238,114,1616,332,88,48,80,84,0,1348,6,8,6,46,72,52,0,16,2,0,16,6,4,16,9,68,0,12,116,74,38,38,0,28,0,0,4,72,0,0,60,0,0,144,2,0,8,134,0,0,0,0,0,2,8,4,0,0,0,16,0,0,0,0,0,0,0,0,10,0,0,6,0,2,0,0,0,0,0,0,0,0,6,0,0,0,0,0,0,0,0,0,1
10329,6316,305,60,60,374,166,1174,14,164,554,312,398,340,750,164,190,302,456,658,13,0,0,0,0,0,0,0,2,14,0,5,5,42,24,116,0,0,10,0,0,2,48,0,0,0,0,12,0,2,0,2,0,0,0,0,0,0,0,0,0,4,0,0,28,0,22,0,0,0,0,0,0,0,0,0,0,0,0,0,0,0,0,0,0,0,0,0,0,0,0,0,0,0,0,0,0,0,0,0,0,0,0,0,0,0,0,0,0,0,0,0,0,0,0,0,0,0,0,0,0,0,0,0,0,0
13971,4430,426,60,60,556,120,776,40,240,878,302,220,464,302,240,324,574,426,1628,13,0,0,0,0,0,0,0,0,14,7,0,5,42,0,0,0,0,0,0,10,2,0,2,2,2,4,4,2,0,0,0,0,0,2,0,3,2,4,0,0,0,0,0,52,4,28,8,0,8,0,0,0,0,0,0,0,0,0,0,0,0,0,0,0,0,0,0,0,0,0,0,0,0,0,0,0,0,0,0,0,0,0,0,0,0,0,0,0,0,0,0,0,0,0,0,0,0,0,0,0,0,0,0,0,0
86586,4620,773,60,108,356,114,1084,88,1042,856,542,1218,1168,842,122,304,336,552,1098,54,46,192,312,150,26,496,44,0,4,40,45,31,2818,912,458,30,80,92,110,92,4,1998,4,8,6,36,0,24,0,26,4,0,20,10,0,19,197,66,0,0,2,36,38,48,54,4,0,0,276,0,420,4,22,28,40,0,0,4,0,0,2,0,0,38,0,0,16,12,4,4,4,0,0,2,0,0,0,2,10,0,10,12,0,0,0,0,8,0,0,0,0,0,0,6,0,0,6,0,0,0,0,0,0,0,1
1,3192,332,60,60,230,52,1124,40,156,1728,134,888,424,288,92,450,284,856,612,0,10,44,0,0,0,386,0,0,12,0,9,5,0,0,0,0,0,0,0,0,0,0,2,0,2,0,0,10,2,2,2,0,0,4,0,0,0,0,0,0,0,0,0,62,0,14,0,0,4,0,0,0,0,0,0,0,0,0,0,0,0,0,0,0,0,0,0,0,0,0,0,0,0,0,0,0,0,0,0,0,0,0,0,0,0,0,0,0,0,0,0,0,0,0,0,0,0,0,0,0,0,0,0,0,0
15341,13566,278,60,64,414,60,2444,54,280,288,312,176,550,482,374,182,554,486,954,16,0,52,16,46,8,0,10,0,0,7,3,0,0,18,164,6,0,0,0,0,2,0,2,0,2,0,4,0,0,0,2,0,0,0,0,0,2,0,0,0,0,0,0,86,0,8,0,0,0,0,0,0,0,0,0,0,0,0,0,0,0,0,0,0,0,0,0,0,0,0,0,0,0,0,0,0,0,0,0,0,0,0,0,0,0,0,0,0,0,0,0,0,0,0,0,0,0,0,0,0,0,0,0,0,0
17154,2140,1235,83,60,342,92,1618,56,144,672,896,2298,1460,754,124,302,994,1796,684,147,22,334,52,290,74,0,0,8,140,48,62,23,1540,1164,7858,660,70,48,228,64,0,4440,10,4,16,30,72,922,4,176,6,20,54,6,4,13,197,2,0,6,86,114,0,74,2,346,0,0,276,0,730,0,22,0,0,0,0,0,2,0,0,8,24,12,0,4,0,0,0,0,0,0,0,0,18,12,8,0,0,0,0,6,6,6,0,0,0,12,0,0,0,0,0,0,0,0,0,0,0,0,0,0,0,0,1
33624,7968,610,60,60,330,72,2528,26,104,320,326,478,342,796,124,568,386,0,836,0,2,0,0,0,0,0,8,0,8,7,9,5,0,0,116,6,0,18,0,0,0,0,2,0,0,4,4,0,2,0,2,0,0,0,4,3,0,2,0,0,0,0,0,40,0,0,0,0,0,0,0,0,0,0,0,0,0,0,0,0,0,0,0,0,0,0,0,0,0,0,0,0,0,0,0,0,0,0,0,0,0,0,0,0,0,0,0,0,0,0,0,0,0,0,0,0,0,0,0,0,0,0,0,0,0
32580,2028,1343,60,90,368,100,3630,38,132,2319,490,464,1386,348,126,302,310,738,682,54,100,196,48,156,40,6,46,0,142,37,43,29,220,510,210,12,114,10,6,56,0,20,6,8,16,36,42,732,0,20,0,6,0,14,8,18,9,10,66,0,130,2,2,52,32,14,0,12,4,0,544,0,22,0,0,144,2,0,4,24,0,12,0,38,14,0,0,4,0,0,0,0,0,10,0,0,0,0,0,0,0,6,0,0,0,2,0,0,212,24,0,0,0,0,0,0,6,0,0,0,0,0,0,0,1
3663,14426,228,60,60,398,70,1186,46,52,742,736,108,0,640,120,196,562,462,610,13,0,0,4,0,10,0,0,0,0,7,8,5,42,0,140,8,0,18,0,28,0,0,0,0,0,0,0,8,2,2,0,0,0,4,8,3,0,2,0,0,0,0,0,40,0,0,0,0,0,0,0,0,0,0,0,0,0,0,0,0,0,0,0,0,0,0,0,0,0,0,0,0,0,0,0,0,0,0,0,0,0,0,0,0,0,0,0,0,0,0,0,0,0,0,0,0,0,0,0,0,0,0,0,0,0
10693,504,1593,58,62,304,144,2626,24,228,870,280,168,910,326,332,292,286,942,780,20,0,0,20,0,10,0,0,0,0,4,8,0,42,18,0,0,0,0,0,0,2,0,2,0,0,0,0,2,2,6,2,0,0,0,0,0,0,2,0,0,0,0,0,40,0,14,8,0,0,0,0,0,0,0,0,0,0,0,0,0,0,0,0,0,0,0,0,0,0,0,0,0,0,0,0,0,0,0,0,0,0,0,0,0,0,0,0,0,0,0,0,0,0,0,0,0,0,0,0,0,0,0,0,0,0
21205,2450,818,60,106,340,76,1156,42,112,1752,512,762,1766,358,120,280,396,768,682,133,28,322,140,2466,32,166,80,0,126,33,29,28,122,144,916,30,114,76,76,110,30,250,4,8,6,24,42,238,0,20,8,6,0,10,0,9,18,66,4,6,302,36,0,44,0,624,0,0,276,153,564,4,22,28,0,22,0,12,2,106,2,0,0,26,0,2,0,4,4,6,4,0,0,0,0,0,0,0,0,0,0,0,0,0,0,0,0,0,300,0,12,0,0,0,0,0,0,0,0,0,4,0,0,0,1
10935,228,802,58,66,252,104,922,42,104,684,794,412,364,362,118,298,132,426,704,0,6,0,4,0,0,0,0,2,0,7,8,5,42,24,116,0,18,10,18,10,0,48,0,0,0,0,4,0,2,0,0,0,0,0,4,0,0,0,0,0,0,0,0,50,0,24,0,0,0,0,0,0,0,0,0,0,0,0,0,0,0,0,0,0,0,0,0,0,0,0,0,0,0,0,0,0,0,0,0,0,0,0,0,0,0,0,0,0,0,0,0,0,0,0,0,0,0,0,0,0,0,0,0,0,0
169194,2182,615,60,1436,348,92,1288,56,128,890,3556,6752,1874,834,122,316,378,822,1218,1488,86,648,60,270,56,0,0,0,14,55,47,28,134,120,476,20,6,4,68,102,12,168,8,10,14,32,46,922,4,8,4,628,16,8,340,8,10,132,0,0,26,74,2,62,2,14,116,10,276,0,560,4,0,0,0,22,0,10,2,0,0,30,0,12,0,2,0,6,4,4,0,0,0,2,0,0,0,0,0,0,0,0,0,0,0,0,0,0,0,0,0,0,0,0,0,32,0,0,4,0,0,0,0,0,1
13790,8846,441,60,66,366,52,1306,42,84,700,362,364,506,4,0,594,354,546,588,9,0,56,20,0,0,122,0,0,0,0,0,0,0,24,0,6,0,0,0,0,0,0,2,0,0,0,4,0,0,4,2,0,0,0,0,3,2,0,0,0,0,0,0,38,0,36,0,0,0,0,0,0,0,0,0,0,0,0,0,0,0,0,0,0,0,0,0,0,0,0,0,0,0,0,0,0,0,0,0,0,0,0,0,0,0,0,0,0,0,0,0,0,0,0,0,0,0,0,0,0,0,0,0,0,0
87267,7474,1389,58,1413,360,44,1200,52,136,1076,486,1016,1550,362,122,274,452,1110,624,776,310,3746,152,112,18,358,0,0,8,50,35,328,1540,70,4208,30,48,102,6,56,12,7948,10,10,20,42,72,18,0,10,6,8,16,164,340,10,205,66,130,6,92,38,38,40,0,36,8,0,12,93,420,52,0,0,0,0,0,12,0,132,2,12,0,26,0,0,0,0,0,10,0,0,5,2,0,0,16,0,0,0,0,6,6,6,8,0,24,12,0,12,0,0,12,0,12,0,0,0,0,0,0,2,0,0,1
17183,2462,773,58,102,340,92,1174,42,140,1634,502,498,920,370,124,316,1002,13830,1222,91,512,7166,154,114,102,336,2,2,40,228,48,40,152,28,516,24,86,28,82,90,4,4440,8,34,20,0,214,16,0,14,4,14,0,14,8,6,197,6,2,0,2,36,38,54,72,6,0,0,12,0,566,0,22,28,0,0,0,12,2,0,0,0,0,64,0,2,8,4,0,6,0,0,0,28,2,0,0,0,0,20,0,0,0,12,0,0,14,0,0,0,0,0,0,0,0,0,0,0,0,0,0,0,0,0,1
38068,7402,544,60,64,232,148,2236,42,88,1026,324,298,456,294,126,646,346,470,696,13,12,0,0,0,2,0,8,0,10,0,0,0,0,0,116,0,0,0,0,10,2,48,0,0,0,4,0,2,2,2,2,0,0,0,4,0,0,4,0,0,0,0,0,48,2,14,0,0,0,0,0,0,0,0,0,0,0,0,0,0,0,0,0,0,0,0,0,0,0,0,0,0,0,0,0,0,0,0,0,0,0,0,0,0,0,0,0,0,0,0,0,0,0,0,0,0,0,0,0,0,0,0,0,0,0
12661,26290,472,56,66,290,244,0,70,156,268,308,400,472,726,80,766,326,350,748,0,8,0,12,56,10,160,10,2,0,0,8,5,0,14,140,6,0,0,18,0,2,0,0,2,2,0,0,0,2,4,2,0,0,2,0,3,2,2,0,0,4,0,0,32,0,0,8,0,0,0,0,0,0,0,0,0,0,0,0,0,0,2,0,0,0,0,0,0,0,0,0,0,0,0,0,0,0,0,0,0,0,0,0,0,0,0,0,0,0,0,0,0,0,0,0,0,0,0,0,0,0,0,0,0,0
39144,9602,598,0,0,332,78,1372,42,132,430,348,296,576,290,86,310,348,390,988,0,12,0,0,48,6,202,12,0,0,0,0,0,0,0,116,0,0,18,0,0,0,52,0,0,2,12,0,14,2,0,2,0,0,0,0,3,0,4,0,0,0,0,0,58,0,14,0,10,0,0,0,0,0,0,0,0,0,0,0,0,0,0,0,0,0,0,0,0,0,0,0,0,0,0,0,0,0,0,0,0,0,0,0,0,0,0,0,0,0,0,0,0,0,0,0,0,0,0,0,0,0,0,0,0,0
14247,4930,318,56,66,170,98,1290,64,80,716,264,472,436,196,292,238,870,666,604,0,10,0,16,54,8,130,0,0,14,0,0,5,0,0,116,6,0,0,18,10,0,0,2,0,0,4,4,0,0,0,0,0,0,0,0,3,2,4,0,0,0,0,0,50,0,0,0,0,0,0,0,0,0,0,0,0,0,0,0,0,0,0,0,0,0,0,0,0,0,0,0,0,0,0,0,0,0,0,0,0,0,0,0,0,0,0,0,0,0,0,0,0,0,0,0,0,0,0,0,0,0,0,0,0,0
14144,4,842,60,60,342,168,462,50,80,1012,692,438,802,292,156,294,276,436,658,13,0,38,20,48,0,292,0,0,0,5,0,0,0,14,280,6,10,10,0,0,2,0,0,2,2,0,0,8,0,0,0,0,0,0,0,3,0,4,0,0,0,0,0,38,0,0,0,0,4,0,0,0,0,0,0,0,0,0,0,0,0,0,0,0,0,0,0,0,0,0,0,0,0,0,0,0,0,0,0,0,0,0,0,0,0,0,0,0,0,0,0,0,0,0,0,0,0,0,0,0,0,0,0,0,0
88352,1740,677,160,100,320,66,2470,42,264,848,344,13532,1886,852,224,312,854,780,620,1481,124,322,148,2440,90,378,34,0,14,430,261,46,220,130,1616,20,316,4,68,36,6,1176,34,6,6,0,0,30,8,362,0,0,0,12,168,10,11,6,0,2,6,2,0,52,0,14,0,0,650,12,464,0,22,0,0,0,0,0,8,16,0,30,0,0,0,4,0,6,0,4,4,0,0,0,4,0,0,4,0,0,10,0,0,0,0,0,8,0,0,0,12,6,0,0,0,0,0,0,0,0,0,0,0,0,1
11693,18902,418,56,66,408,84,2444,54,92,708,542,192,284,300,82,202,764,526,650,0,0,58,0,60,0,0,0,0,12,0,7,5,42,0,0,6,0,0,0,0,0,0,2,2,2,0,0,2,0,2,2,0,0,0,0,3,0,0,0,0,0,0,0,132,0,14,0,0,0,0,0,0,0,0,0,0,0,0,0,0,0,0,0,0,0,0,0,0,0,0,0,0,0,0,0,0,0,0,0,0,0,0,0,0,0,0,0,0,0,0,0,0,0,0,0,0,0,0,0,0,0,0,0,0,0
21835,1,474,58,60,432,102,1180,26,280,696,370,284,416,409,88,868,568,406,698,13,0,32,0,0,0,122,12,0,14,7,8,0,0,0,0,0,0,0,10,10,2,0,2,0,0,0,0,2,2,0,0,0,0,0,0,0,2,0,0,0,0,0,0,56,0,0,0,0,0,0,0,0,0,0,0,0,0,0,0,0,0,0,0,0,0,0,0,0,0,0,0,0,0,0,0,0,0,0,0,0,0,0,0,0,0,0,0,0,0,0,0,0,0,0,0,0,0,0,0,0,0,0,0,0,0
30879,2948,806,164,106,320,78,1068,76,158,774,504,2314,1212,380,126,278,840,748,658,144,504,156,152,154,74,6,186,0,122,25,58,20,238,66,668,660,126,74,12,98,0,262,4,6,20,16,0,12,4,8,2,4,22,12,0,25,0,0,0,2,184,2,2,42,280,36,0,2,0,54,0,0,0,0,18,22,0,12,0,0,2,0,0,0,0,4,0,6,6,0,0,0,0,0,0,0,0,4,0,20,10,0,0,6,8,0,0,12,0,0,0,6,0,0,0,0,6,0,0,0,0,0,0,0,1
15328,4552,18,58,66,438,102,2810,40,76,860,298,270,444,426,116,270,332,644,1228,11,0,0,0,0,10,0,10,2,12,0,0,0,0,0,0,0,10,0,0,0,0,52,2,0,2,12,4,0,0,0,2,0,0,2,0,0,2,0,0,0,0,0,0,50,0,0,0,0,0,0,0,0,0,0,0,0,0,0,0,0,0,0,0,0,0,0,0,0,0,0,0,0,0,0,0,0,0,0,0,0,0,0,0,0,0,0,0,0,0,0,0,0,0,0,0,0,0,0,0,0,0,0,0,0,0
27388,1902,1438,60,72,376,132,2554,62,88,774,6098,874,1816,754,128,292,1118,1154,748,773,46,322,148,154,30,462,42,4,26,26,40,25,134,28,862,30,48,122,48,64,16,8860,6,34,10,38,206,238,6,182,10,6,1326,8,8,12,10,60,0,2,306,72,2,40,6,122,0,0,0,0,0,0,0,28,0,0,0,6,0,0,0,0,0,0,0,4,0,4,0,6,0,0,0,0,0,0,0,0,0,10,10,0,0,0,0,0,0,0,6,0,0,0,0,0,0,0,6,0,0,0,4,0,0,0,1
3551,2052,618,60,56,352,102,1180,40,84,846,316,360,286,388,198,762,296,482,450,9,2,34,0,0,10,354,0,2,0,0,4,0,0,14,116,6,20,10,0,0,2,0,2,2,2,0,4,2,0,0,2,0,0,0,4,0,0,0,0,0,0,0,0,98,0,28,0,0,0,0,0,0,0,0,0,0,0,0,0,0,0,0,0,0,0,0,0,0,0,0,0,0,0,0,0,0,0,0,0,0,0,0,0,0,0,0,0,0,0,0,0,0,0,0,0,0,0,0,0,0,0,0,0,0,0
23798,12082,450,58,60,166,138,686,40,108,870,270,418,390,0,82,118,342,690,698,10,12,0,0,46,10,0,12,0,2,7,5,5,42,14,140,0,18,10,0,0,2,48,2,2,2,0,4,0,0,2,0,0,0,0,0,0,0,0,0,0,0,0,2,42,0,0,0,0,0,0,0,0,0,0,0,0,0,0,0,0,0,0,0,0,0,0,0,0,0,0,0,0,0,0,0,0,0,0,0,0,0,0,0,0,0,0,0,0,0,0,0,0,0,0,0,0,0,0,0,0,0,0,0,0,0
7789,3030,444,58,68,336,142,2128,38,84,636,298,972,472,300,198,196,298,362,196,0,0,58,0,0,0,0,0,2,0,7,0,0,42,0,116,0,0,0,0,0,2,0,4,2,2,0,12,0,0,0,0,0,0,0,0,0,2,0,0,0,0,0,0,26,2,38,0,48,0,4,0,0,0,0,0,0,0,0,0,0,0,0,0,0,0,0,0,0,0,0,0,0,0,0,0,0,0,0,0,0,0,0,0,0,0,0,0,0,0,0,0,0,0,0,0,0,0,0,0,0,0,0,0,0,0
23298,2512,461,60,60,722,50,2958,78,56,1444,498,418,486,320,396,315,422,840,1444,13,4,0,20,0,0,0,10,0,0,0,9,5,42,0,116,0,0,0,0,10,2,0,0,2,2,12,0,0,0,2,2,0,0,0,0,0,2,0,0,0,0,0,0,24,0,0,0,48,0,0,0,0,0,0,0,0,0,0,0,0,0,0,0,0,0,0,0,0,0,0,0,0,0,0,0,0,0,0,0,0,0,0,0,0,0,0,0,0,0,0,0,0,0,0,0,0,0,0,0,0,0,0,0,0,0
11831,8774,387,58,60,618,102,1126,52,80,214,590,586,490,298,234,278,222,228,764,0,0,0,20,44,0,0,0,0,0,8,0,5,0,0,0,0,0,0,0,18,0,48,2,0,0,0,20,4,0,0,0,0,0,0,0,0,2,0,0,0,0,0,0,38,0,14,0,0,0,0,0,0,0,0,0,0,0,0,0,0,0,0,0,0,0,0,0,0,0,0,0,0,0,0,0,0,0,0,0,0,0,0,0,0,0,0,0,0,0,0,0,0,0,0,0,0,0,0,0,0,0,0,0,0,0
13313,7940,488,58,66,336,214,1052,88,112,1644,390,432,272,104,166,628,294,516,420,6,10,52,0,0,4,220,10,4,0,5,0,0,40,14,140,6,0,0,0,18,2,0,0,2,2,4,0,8,0,0,2,0,0,0,0,0,2,0,0,0,0,0,0,52,0,46,0,0,0,0,0,0,0,0,0,0,0,0,0,0,0,0,0,0,0,0,0,0,0,0,0,0,0,0,0,0,0,0,0,0,0,0,0,0,0,0,0,0,0,0,0,0,0,0,0,0,0,0,0,0,0,0,0,0,0
11955,1826,1176,160,1462,320,88,1578,80,108,812,730,1398,10380,364,124,288,896,13588,1198,53,514,4018,156,2458,74,0,166,6,14,225,34,23,154,88,7858,50,48,28,120,48,4,1348,0,0,4,30,32,238,4,12,0,314,0,316,20,18,23,8,0,0,168,36,74,54,2,28,0,2,4,2,0,0,0,28,38,0,0,4,0,80,0,12,2,0,0,6,8,4,0,4,0,0,0,0,4,12,0,0,20,0,0,0,0,0,0,0,0,0,6,0,0,0,0,0,0,0,6,0,0,0,0,0,0,0,1
15752,3488,388,58,66,266,62,1154,64,100,672,316,126,350,452,120,446,562,0,184,13,0,40,20,62,0,254,0,0,14,6,0,0,0,0,140,0,0,0,18,18,0,0,0,0,2,4,0,8,0,2,0,0,0,2,0,3,0,0,0,0,0,0,0,142,0,14,8,0,0,0,0,0,0,0,0,0,0,0,0,0,0,0,0,0,0,0,0,0,0,0,0,0,0,0,0,0,0,0,0,0,0,0,0,0,0,0,0,0,0,0,0,0,0,0,0,0,0,0,0,0,0,0,0,0,0
18414,13262,1405,92,106,356,50,1570,60,222,1156,3232,456,1084,328,120,262,384,2148,1124,54,64,286,200,128,104,340,36,0,24,36,25,17,134,144,216,662,18,10,50,46,4,1240,18,6,0,8,8,732,8,14,8,6,672,10,12,6,15,4,0,0,2,40,2,62,0,6,0,10,650,72,0,4,12,0,38,0,2,12,0,0,0,0,14,0,0,2,0,4,4,6,0,0,0,28,18,0,0,0,0,0,0,0,0,0,4,0,8,0,106,0,0,0,0,0,0,0,0,0,0,0,6,0,0,0,1
13790,12636,554,58,66,334,82,217,40,104,596,244,646,468,934,198,488,302,516,1154,0,0,58,20,0,0,182,10,0,0,0,6,0,42,0,0,6,0,0,10,10,2,104,0,2,0,0,0,0,0,2,2,0,0,0,0,0,2,2,0,0,0,0,0,42,0,14,0,0,8,0,0,0,0,0,0,0,0,0,0,0,0,0,0,0,0,0,0,0,0,0,0,0,0,0,0,0,0,0,0,0,0,0,0,0,0,0,0,0,0,0,0,0,0,0,0,0,0,0,0,0,0,0,0,0,0
25234,7034,1220,90,106,360,84,2888,52,1944,12466,480,658,1342,342,230,300,854,1444,1148,91,84,7467,80,242,76,0,44,0,34,72,261,28,122,162,5268,32,56,56,84,84,8,1092,10,68,32,42,104,200,6,354,8,12,16,14,0,244,0,8,6,0,44,74,2,42,0,596,0,48,12,66,0,0,60,0,40,22,0,6,0,132,2,12,0,8,0,12,8,4,4,0,0,0,0,2,0,0,0,0,0,0,0,6,0,6,4,8,12,0,0,0,0,0,0,0,0,0,0,0,0,0,0,0,0,0,1
16263,820,1459,164,72,336,86,3624,56,104,1010,652,6738,1592,368,122,522,382,7882,1180,165,54,724,194,118,26,488,46,0,144,23,63,46,3044,584,7896,12,116,46,80,4,8,1808,8,4,16,36,32,404,0,182,0,2,16,10,8,10,15,6,132,6,222,36,2,42,0,360,116,60,276,58,0,52,0,28,0,72,4,0,0,0,0,0,2,32,0,12,0,6,0,0,0,0,0,0,12,0,0,0,0,0,0,0,0,12,0,12,16,24,6,0,0,0,0,0,0,0,0,0,0,0,0,0,0,0,1
11867,3870,906,60,102,354,66,2520,76,152,1072,524,780,1886,636,124,266,878,7142,666,133,86,3608,140,156,60,407,166,0,156,27,27,17,192,74,316,662,102,52,56,90,14,270,4,6,8,78,8,22,0,16,0,8,8,164,168,10,10,136,6,6,636,36,2,64,4,346,24,0,0,0,0,132,120,0,0,0,0,4,0,112,0,0,0,0,0,0,0,0,0,0,4,0,0,0,0,0,0,0,0,0,0,0,0,0,0,12,24,0,0,0,0,0,0,0,0,0,6,0,0,0,0,0,0,0,1
29722,2968,2708,60,92,356,70,1298,62,174,1872,6156,646,1656,1168,120,296,930,7376,618,55,94,302,94,200,98,0,30,0,204,25,276,328,36,28,200,332,48,96,212,64,0,20,18,6,8,42,8,10,0,174,8,0,0,8,332,8,5,4,0,0,24,74,36,54,0,38,0,0,4,0,0,4,60,0,18,140,0,0,2,0,0,0,0,0,0,2,8,4,0,0,0,0,0,0,0,0,0,0,0,0,10,0,0,0,0,4,8,12,0,24,12,6,0,6,0,16,0,0,0,0,0,2,0,0,1
11346,12852,640,60,66,340,26,1152,46,84,704,114,424,550,308,234,314,324,868,490,13,24,52,0,58,0,0,0,0,14,0,8,5,42,0,0,6,18,10,0,18,0,48,0,2,0,20,0,0,2,0,0,0,0,0,0,0,2,0,0,0,4,0,0,38,0,0,0,0,0,0,0,0,0,0,0,0,0,0,0,0,0,2,0,0,0,0,0,0,0,0,0,0,0,0,0,0,0,0,0,0,0,0,0,0,0,0,0,0,0,0,0,0,0,0,0,0,0,0,0,0,0,0,0,0,0
85451,1500,1689,60,90,362,78,1806,52,264,12610,486,6770,1260,828,124,296,448,1168,660,764,316,356,154,2480,74,160,24,4,32,37,500,17,122,28,458,20,290,68,212,4,6,164,10,0,6,60,50,14,0,8,4,20,22,4,24,25,11,4,6,0,6,36,2,38,70,34,0,0,0,56,584,2,60,0,40,22,0,0,2,0,0,12,0,4,0,2,8,0,0,0,0,0,0,0,0,0,0,0,0,0,0,8,6,6,0,12,16,0,300,0,0,0,0,12,0,0,0,0,0,0,0,0,0,0,1
16459,7921,885,60,114,332,86,4264,72,1018,1008,582,2314,1190,344,126,282,310,7870,724,1467,86,428,160,112,62,346,44,6,6,35,37,20,238,162,492,44,282,10,56,84,6,250,10,34,8,16,42,52,8,20,16,628,54,14,168,14,21,2,6,0,636,36,2,38,2,246,0,0,0,241,536,52,0,0,38,0,0,0,0,24,0,8,0,56,0,16,0,0,0,0,4,0,0,28,0,14,8,2,20,0,0,2,0,0,0,0,0,0,0,0,0,0,12,12,0,0,6,0,4,0,0,2,0,0,1
14544,20612,470,60,66,340,224,1120,92,84,764,520,438,900,766,124,326,768,486,658,0,0,0,20,60,8,248,0,0,0,0,0,0,0,24,0,6,0,10,0,10,0,0,2,2,0,0,4,0,2,0,2,0,0,0,0,3,0,4,0,0,8,0,0,36,0,32,24,0,0,0,0,0,0,0,0,0,0,0,0,0,0,4,0,0,0,0,0,0,0,0,0,0,0,0,0,0,0,0,0,0,0,0,0,0,0,0,0,0,0,0,0,0,0,0,0,0,0,0,0,0,0,0,0,0,0
30015,2204,516,58,90,332,96,2920,42,128,1242,3166,6772,1196,692,124,272,12058,13632,1190,74,38,336,152,2466,102,306,80,0,4,53,277,13,110,144,1616,16,282,92,110,48,0,250,10,34,4,16,16,18,0,14,2,334,672,316,12,19,407,66,6,6,14,36,2,30,112,168,8,58,4,76,0,0,22,28,0,22,0,4,2,72,0,18,6,38,0,2,0,12,4,4,0,0,0,0,0,28,0,2,0,0,0,0,0,6,0,0,24,0,6,24,12,0,0,0,0,0,0,0,0,0,0,0,0,0,1
147095,4766,1201,214,1398,338,90,1232,98,1076,2588,358,1370,1208,1218,124,274,898,7870,618,86,34,7340,48,2612,40,244,24,10,16,451,275,29,36,144,492,44,80,114,110,18,6,4440,18,4,14,20,16,10,0,20,0,20,662,12,336,245,197,66,0,0,86,72,0,42,0,596,0,0,4,0,730,66,22,0,36,0,2,0,0,114,0,0,0,0,0,2,0,6,6,0,0,0,0,0,4,2,0,2,0,10,0,0,6,0,0,2,8,12,6,0,0,0,0,0,0,16,0,0,0,0,0,0,0,0,1
28810,3070,926,164,98,340,88,3426,48,128,12532,6144,2292,20012,1218,116,282,378,596,776,141,262,142,164,298,74,590,44,0,12,25,41,23,134,468,142,660,48,28,220,72,0,164,4,4,6,46,24,52,4,8,6,0,18,8,8,245,407,0,0,0,44,2,0,66,2,10,0,0,12,0,0,4,0,0,0,0,0,4,0,0,0,8,0,0,0,4,0,0,0,0,0,0,0,0,0,12,0,0,0,20,0,0,0,0,0,0,0,0,0,0,0,6,0,0,0,0,0,0,2,0,0,0,0,0,1
85454,2756,1540,58,72,336,70,3150,78,182,2602,490,1392,20674,394,226,304,1124,1836,760,73,122,7166,150,508,20,0,104,0,158,52,502,46,2818,74,458,34,48,56,82,64,0,250,0,0,16,0,16,14,0,18,6,20,22,14,8,483,13,6,0,2,636,36,0,40,0,346,0,0,12,2,450,2,22,0,0,102,0,8,0,0,0,0,22,0,0,0,0,4,4,6,0,0,0,10,0,0,0,0,0,0,0,0,0,12,0,0,0,0,150,0,0,0,12,0,0,32,0,0,4,0,0,2,0,0,1
16349,6582,489,60,68,330,74,1632,52,264,686,588,214,194,334,122,312,412,286,742,0,0,40,0,50,0,0,0,0,10,3,0,0,42,0,140,0,0,0,0,0,2,0,0,2,2,4,0,0,2,0,0,0,0,0,0,3,4,0,0,0,0,0,0,38,0,0,0,0,0,0,0,0,0,0,0,0,0,0,0,0,0,0,0,0,0,0,0,0,0,0,0,0,0,0,0,0,0,0,0,0,0,0,0,0,0,0,0,0,0,0,0,0,0,0,0,0,0,0,0,0,0,0,0,0,0
89267,6686,517,58,739,338,140,1028,42,128,2504,444,5664,1042,438,122,308,892,920,710,49,312,416,40,184,72,302,80,0,28,46,33,39,122,64,1616,12,6,58,12,62,24,4440,8,6,14,0,72,732,6,14,2,20,16,312,12,8,407,60,132,2,636,36,0,40,6,666,8,2,8,0,424,6,60,28,0,0,0,6,2,24,0,14,22,0,0,0,0,0,4,0,0,0,0,0,2,0,0,2,0,0,10,12,0,0,0,2,0,0,300,0,0,0,0,0,0,0,0,0,0,0,0,0,0,0,1
9128,5436,654,58,66,798,62,2332,128,248,716,326,824,422,706,294,320,282,436,0,0,0,0,0,52,0,134,8,4,14,7,0,0,42,24,0,0,0,10,0,10,0,0,2,0,0,0,0,0,2,2,2,0,0,0,0,3,2,0,0,0,0,0,0,26,2,0,0,0,0,0,0,0,0,0,0,0,0,0,0,0,0,0,0,0,0,0,0,0,0,0,0,0,0,0,0,0,0,0,0,0,0,0,0,0,0,0,0,0,0,0,0,0,0,0,0,0,0,0,0,0,0,0,0,0,0
28103,10680,1268,58,72,356,80,2030,60,1924,1078,3258,528,10826,1176,122,318,872,1820,646,752,134,156,150,112,30,352,32,2,8,36,43,23,36,84,5276,50,110,92,134,84,12,1588,12,2,14,34,50,502,4,26,6,334,20,8,168,14,403,8,6,0,2,38,36,48,86,122,0,0,650,76,742,4,0,0,18,0,0,4,0,100,2,0,14,38,0,2,0,6,0,0,6,0,0,0,0,0,0,0,0,0,0,2,0,0,0,0,0,0,0,0,0,12,0,12,0,32,0,4,0,0,0,0,0,0,1
84941,6446,673,60,60,354,104,2636,52,182,1210,486,548,1100,332,124,286,690,7838,654,48,32,692,158,270,102,0,24,0,16,36,39,28,1540,120,1616,44,78,48,12,64,8,20,0,2,20,34,186,24,8,14,4,20,0,10,16,10,195,4,0,2,6,2,74,66,4,610,8,2,4,150,0,66,0,0,0,0,0,12,0,0,0,0,0,0,0,0,0,6,0,0,0,0,0,0,0,0,0,0,0,0,20,6,6,0,4,4,0,0,0,12,0,0,0,0,0,0,0,0,0,0,0,0,0,0,1
13680,1392,1294,60,70,346,78,1242,56,164,2281,678,2300,1406,826,126,557,1022,1622,688,55,70,410,254,276,40,2,0,6,8,48,48,6,1540,92,150,16,48,4,82,64,14,164,10,6,6,8,32,6,0,8,2,20,16,4,12,11,3,6,66,6,20,2,0,38,40,360,0,0,276,66,0,66,12,0,0,0,2,12,2,0,0,0,0,0,0,4,0,0,0,0,4,0,0,0,12,0,0,0,0,10,0,0,0,6,4,0,8,0,106,0,0,6,0,10,0,0,0,0,0,0,0,0,0,2,1
23337,9730,526,58,66,236,136,1012,46,84,960,200,566,932,296,256,572,100,426,576,0,0,50,16,0,10,180,0,0,0,7,3,5,0,24,164,0,10,10,10,18,2,48,2,0,0,0,4,0,2,2,2,0,0,0,0,3,2,0,0,0,0,0,0,138,0,0,8,0,0,0,0,0,0,0,0,0,0,0,0,0,0,4,0,0,0,0,0,0,0,0,0,0,0,0,0,0,0,0,0,0,0,0,0,0,0,0,0,0,0,0,0,0,0,0,0,0,0,0,0,0,0,0,0,0,0
20708,1432,1194,58,72,366,140,1553,52,176,11002,470,6736,1186,882,158,328,868,7908,622,153,310,206,162,2408,20,488,42,0,10,33,27,328,154,64,7398,342,6,56,6,102,0,266,10,30,8,8,16,64,6,354,6,0,54,8,4,13,10,8,66,2,96,2,36,50,0,14,8,58,0,0,522,0,0,0,0,0,2,6,0,106,2,12,0,80,0,0,0,12,4,4,0,0,0,0,0,12,8,0,0,0,10,2,0,0,0,0,0,0,106,0,0,0,24,0,6,0,4,0,0,0,0,2,0,0,1
40998,7088,840,60,90,254,90,4082,48,180,2161,498,780,926,388,230,540,870,792,816,61,124,146,68,544,40,328,40,0,6,149,517,20,238,56,644,18,126,62,56,62,0,1758,10,30,10,78,16,12,4,14,6,12,12,10,12,23,3,22,66,0,314,38,2,62,64,136,2,0,0,124,496,52,22,0,0,0,0,20,0,0,0,0,0,26,44,12,0,12,6,6,0,0,0,2,0,0,0,2,0,0,0,12,0,0,0,0,0,0,0,0,0,0,12,0,0,0,0,0,2,0,0,0,0,0,1
29807,2822,1382,60,102,342,68,1166,72,112,1628,674,1370,1152,848,120,324,370,768,684,177,30,196,208,2600,100,486,0,0,148,55,41,6,160,922,644,326,18,10,82,16,6,168,4,8,14,108,34,12,4,14,20,6,22,10,336,10,197,0,0,6,82,2,2,48,2,18,0,0,4,2,0,4,0,28,38,0,0,0,0,0,2,30,0,0,0,4,0,6,0,0,0,0,0,0,0,0,0,4,0,0,0,8,0,0,0,2,8,0,212,0,0,0,0,0,0,0,0,0,0,0,6,0,0,0,1
16471,1154,1352,60,728,324,76,3680,74,182,2630,450,1254,19990,612,126,282,392,1796,654,49,252,412,94,134,102,328,32,0,6,22,65,23,36,584,166,332,114,4,228,64,6,1588,34,4,20,16,50,922,6,14,18,2,1320,4,12,483,13,6,6,6,96,74,38,50,2,346,0,0,1156,12,574,52,0,28,0,0,0,4,0,0,2,8,0,0,0,4,0,0,0,6,0,0,0,2,12,0,0,0,0,0,0,0,0,0,0,12,24,0,0,0,0,0,0,6,0,16,6,0,0,0,0,0,0,0,1
19805,6864,465,60,58,374,80,1108,120,88,796,332,560,490,322,160,294,246,498,1774,13,2,80,0,58,10,0,12,2,12,0,8,0,0,0,116,0,0,18,0,0,2,0,0,2,2,12,0,0,2,2,0,0,0,0,4,3,0,0,0,0,0,0,0,62,0,14,0,58,0,0,0,0,0,0,0,0,0,0,0,0,0,0,0,0,0,0,0,0,0,0,0,0,0,0,0,0,0,0,0,0,0,0,0,0,0,0,0,0,0,0,0,0,0,0,0,0,0,0,0,0,0,0,0,0,0
21442,12440,590,58,66,168,60,340,58,84,864,348,548,446,274,118,218,392,456,1546,13,0,0,24,58,0,0,0,2,0,3,12,0,42,0,0,6,0,0,18,0,0,48,0,0,2,0,0,8,0,4,0,0,0,0,8,0,2,0,0,0,0,0,0,50,0,14,8,48,0,0,0,0,0,0,0,0,0,0,0,0,0,0,0,0,0,0,0,0,0,0,0,0,0,0,0,0,0,0,0,0,0,0,0,0,0,0,0,0,0,0,0,0,0,0,0,0,0,0,0,0,0,0,0,0,0
5784,2412,487,60,60,244,84,1120,52,108,650,278,408,590,346,136,278,696,500,480,13,12,0,4,0,0,0,22,0,12,0,15,5,0,0,116,0,0,0,10,10,0,48,2,0,0,4,4,2,0,0,0,0,0,0,0,3,0,2,0,0,0,0,0,42,0,14,0,0,0,0,0,0,0,0,0,0,0,0,0,0,0,0,0,0,0,0,0,0,0,0,0,0,0,0,0,0,0,0,0,0,0,0,0,0,0,0,0,0,0,0,0,0,0,0,0,0,0,0,0,0,0,0,0,0,0
31431,2390,822,90,104,340,118,1314,56,116,1034,930,6768,1208,356,126,318,312,948,1122,770,128,6774,80,2940,48,582,80,0,34,25,549,17,2816,82,1616,660,56,114,6,54,8,7948,8,34,6,46,32,732,4,356,16,0,0,156,168,25,16,0,132,0,26,2,0,52,20,14,32,2,1156,0,1350,0,22,0,0,0,0,12,0,0,0,12,6,0,0,2,0,6,0,4,4,0,0,2,0,0,0,0,12,10,0,2,0,6,4,8,14,0,6,0,0,0,0,6,0,0,0,0,0,0,0,0,0,0,1
9862,20790,210,58,60,146,88,2356,54,108,426,302,620,324,464,82,294,356,454,588,0,0,44,24,56,0,0,0,0,0,0,8,0,42,0,164,6,10,18,18,0,0,0,0,0,0,0,12,2,2,0,2,0,0,0,0,3,0,4,0,0,0,0,0,72,0,28,0,0,0,0,0,0,0,0,0,0,0,0,0,0,0,2,0,0,0,0,0,0,0,0,0,0,0,0,0,0,0,0,0,0,0,0,0,0,0,0,0,0,0,0,0,0,0,0,0,0,0,0,0,0,0,0,0,0,0
15306,1224,599,58,64,512,68,1156,38,104,190,290,404,286,392,162,308,288,438,832,12,14,46,20,58,0,162,8,0,0,6,3,0,0,0,164,6,10,10,10,10,2,56,0,0,2,0,0,2,2,0,0,0,0,0,0,0,0,4,0,0,0,0,0,56,0,28,0,0,0,0,0,0,0,0,0,0,0,0,0,0,0,0,0,0,0,0,0,0,0,0,0,0,0,0,0,0,0,0,0,0,0,0,0,0,0,0,0,0,0,0,0,0,0,0,0,0,0,0,0,0,0,0,0,0,0
36788,23490,565,60,60,510,24,1176,28,124,1426,626,398,576,528,38,258,540,482,1690,0,0,40,24,0,0,194,10,2,12,7,0,0,42,0,0,0,10,18,18,0,0,48,2,0,0,4,12,0,2,4,0,0,0,0,0,0,2,4,0,0,0,0,0,68,0,14,0,0,0,0,0,0,0,0,0,0,0,0,0,0,0,0,0,0,0,0,0,0,0,0,0,0,0,0,0,0,0,0,0,0,0,0,0,0,0,0,0,0,0,0,0,0,0,0,0,0,0,0,0,0,0,0,0,0,0
12365,3288,1498,98,59,342,106,1252,78,168,1000,690,10294,1774,660,224,272,940,1388,1150,55,492,426,132,142,74,6,166,0,10,26,43,13,2818,162,862,20,86,48,12,98,8,1290,12,8,10,0,50,732,4,10,8,12,16,6,168,19,15,8,6,2,86,38,2,42,0,6,8,0,1156,62,0,0,0,0,0,144,2,12,0,0,0,8,2,26,0,12,0,0,4,0,0,0,0,0,0,0,0,0,0,10,0,0,0,0,8,0,24,0,0,0,0,0,0,0,6,0,0,0,0,0,0,0,0,0,1
30255,5373,2113,92,60,324,148,1122,60,176,1686,852,10358,19370,404,222,262,11456,612,660,773,516,7164,148,262,122,0,166,12,20,38,26,23,158,144,492,20,132,10,56,6,6,250,4,30,4,152,42,20,0,342,6,0,16,312,12,10,5,2,2,0,10,36,2,54,0,38,0,0,630,8,0,0,120,28,0,0,2,0,0,0,2,12,0,0,0,0,0,0,0,0,0,16,0,0,4,0,0,0,20,0,0,0,6,0,0,0,8,0,212,12,0,0,24,6,0,32,10,4,0,0,0,0,0,0,1
15993,2510,874,58,57,372,112,1200,42,182,1636,696,10332,19998,462,124,286,320,844,682,37,52,7158,188,166,20,520,44,0,200,29,41,17,134,74,540,24,114,110,96,74,6,1348,8,6,36,30,32,14,4,14,2,628,240,6,8,490,18,136,2,6,184,114,0,50,2,346,10,10,276,0,0,0,0,0,0,102,0,6,2,104,0,8,0,54,0,0,0,6,4,0,0,0,0,2,0,0,0,0,0,0,0,2,0,0,8,0,0,0,0,0,0,0,0,6,0,0,0,0,0,0,0,0,0,0,1
20769,1540,809,60,100,354,78,1074,54,1964,1106,6314,674,1512,474,232,294,300,1048,748,97,126,352,134,2464,102,574,24,2,10,228,498,17,134,98,200,332,80,114,48,102,30,50,4,6,14,78,12,6,6,14,6,334,16,164,20,245,0,22,0,6,274,38,2,62,2,18,0,0,0,8,724,10,60,0,0,0,0,0,0,102,2,0,24,0,0,8,0,6,0,0,0,0,0,2,2,28,8,0,0,0,20,0,0,0,0,0,12,0,0,0,0,6,24,0,0,0,0,0,0,0,0,0,0,0,1
19521,6036,1937,92,94,320,62,1786,60,112,11096,5962,6728,1798,438,226,274,1006,1640,710,773,262,738,172,164,76,0,38,4,128,46,502,18,2818,120,458,32,6,28,68,102,12,7952,8,8,6,34,190,10,6,8,16,20,0,8,20,15,11,2,0,2,636,36,2,40,6,28,0,0,16,0,0,12,0,0,0,0,0,0,0,0,0,0,2,0,22,0,0,6,4,0,0,0,0,2,0,0,0,0,0,0,0,0,0,0,0,0,0,0,300,0,0,0,0,0,0,0,0,0,0,0,0,0,0,0,1
9875,9038,638,58,60,344,142,1044,120,108,996,112,566,480,472,120,294,464,1140,646,14,0,0,0,48,0,0,8,0,0,3,7,5,42,14,140,0,0,10,0,0,0,52,2,0,2,4,0,0,2,0,0,0,0,4,0,0,0,2,0,0,0,0,0,40,0,0,0,0,0,0,0,0,0,0,0,0,0,0,0,0,0,0,0,0,0,0,0,0,0,0,0,0,0,0,0,0,0,0,0,0,0,0,0,0,0,0,0,0,0,0,0,0,0,0,0,0,0,0,0,0,0,0,0,0,0
18853,1056,1190,58,108,366,66,1496,78,182,864,508,6774,852,502,122,540,336,1472,688,58,84,328,40,164,14,0,22,0,128,430,29,6,238,912,458,660,18,56,82,4,4,164,12,34,16,36,8,10,0,12,16,6,16,8,16,245,13,132,66,12,82,36,2,64,0,8,0,0,4,0,0,0,0,0,0,0,0,4,0,0,0,0,0,0,0,12,0,0,4,0,0,0,0,10,18,12,0,0,10,0,0,0,0,0,0,12,12,24,212,0,0,0,0,0,0,24,4,0,0,0,0,0,0,0,1
89542,8393,686,216,106,342,120,2741,86,182,12472,344,2706,1392,830,126,292,11482,824,662,91,30,270,148,2408,90,332,0,0,18,41,33,17,200,80,1616,660,78,104,12,74,6,1244,10,4,4,8,42,10,0,12,6,0,662,14,20,25,9,66,0,2,116,74,2,40,2,20,0,50,0,0,268,2,0,28,18,0,0,12,0,16,0,12,0,0,0,0,0,6,0,6,4,0,0,2,0,12,0,0,0,10,10,0,6,0,0,8,0,0,106,0,0,0,0,12,6,0,0,0,0,0,0,0,0,0,1
11177,5398,375,58,66,518,54,1220,46,108,738,310,380,450,526,158,714,270,348,196,13,0,66,0,0,4,0,8,4,0,0,0,5,0,0,140,6,10,0,0,0,2,0,2,2,2,0,4,2,2,4,2,0,0,2,0,0,0,0,0,0,0,0,0,136,0,36,0,0,0,0,0,0,0,0,0,0,0,0,0,0,0,0,0,0,0,0,0,0,0,0,0,0,0,0,0,0,0,0,0,0,0,0,0,0,0,0,0,0,0,0,0,0,0,0,0,0,0,0,0,0,0,0,0,0,0
21493,2020,1501,60,72,332,74,3302,56,204,1602,538,972,1882,438,226,276,964,1154,1100,138,88,682,144,156,30,634,192,4,154,227,47,17,72,584,178,12,158,48,88,110,4,1348,6,8,20,16,30,14,6,10,0,334,36,10,28,245,9,4,0,6,14,76,2,38,20,4,0,0,0,2,1374,0,0,0,40,0,0,0,0,0,0,8,24,0,0,4,0,6,0,4,6,16,0,2,0,0,0,2,0,10,0,0,0,0,0,0,0,12,106,0,12,0,24,12,0,0,0,2,0,2,0,0,0,0,1
23333,332,679,220,100,322,116,2596,42,144,21510,678,1388,10394,1214,124,276,906,13664,1122,51,126,354,144,2440,24,462,42,2,28,434,25,6,2818,74,5266,18,132,96,12,56,0,50,4,6,38,16,34,62,4,10,16,628,36,10,12,6,21,6,0,0,140,2,0,38,0,8,0,10,0,12,0,6,22,0,0,0,2,8,0,0,0,0,2,58,0,22,0,0,4,0,0,0,0,0,0,0,0,0,0,0,0,0,0,0,0,0,24,0,6,0,0,0,24,0,0,0,4,0,0,0,0,0,0,0,1
